exposure,pdall,pdmale,pdfemale,pdbinary,pdcont,pdage,pdrate
miR-3186-5p,0.194689351,0,0.171634608,0.58012527,-0.218,0,0
miR-192-5p,-0.164,0,0,0.517,0,1.459,0
miR-19a-5p,-0.118,0,0,-0.411,0.213,0,0
miR-216a-5p,0.126,-0.104,0,0,0,0,0.682
miR-3675-3p,0,0,0,-0.448,0.162,-0.78,0
miR-765,0,-0.209,0,0,0,1.09,0.936
miR-8069,0,0,0,-0.177,0.066,0,-0.349
miR-8077,0,0.114,0,0,0.161,0,0.924
